Country,    Region, Residence, Ethnicity,   SocDem, Version, Ref-ID,   Year1,   Year2, TypeLT,   Sex,   Age, AgeInt,              m(x),         q(x),        l(x),        d(x),         L(x),         T(x),       e(x),   e(x)Orig
    GBR,      ENW0,      0000,      0000,     0000,       1,  418.1,    1838,    1854,      1,     1,     0,      1,           0.18305,      0.16359,      100000,       16359,        89367,      3992242,       39.92,       39.91
    GBR,      ENW0,      0000,      0000,     0000,       1,  418.1,    1838,    1854,      1,     1,     1,      1,           0.06643,      0.06430,       83641,        5378,        80952,      3902876,       46.66,       46.65
    GBR,      ENW0,      0000,      0000,     0000,       1,  418.1,    1838,    1854,      1,     1,     2,      1,           0.03680,      0.03613,       78263,        2828,        76849,      3821924,       48.83,       48.83
    GBR,      ENW0,      0000,      0000,     0000,       1,  418.1,    1838,    1854,      1,     1,     3,      1,           0.02347,      0.02320,       75435,        1750,        74560,      3745075,       49.65,       49.61
    GBR,      ENW0,      0000,      0000,     0000,       1,  418.1,    1838,    1854,      1,     1,     4,      1,           0.01798,      0.01782,       73685,        1313,        73028,      3670515,       49.81,       49.81
    GBR,      ENW0,      0000,      0000,     0000,       1,  418.1,    1838,    1854,      1,     1,     5,      1,           0.01369,      0.01360,       72372,         984,        71880,      3597486,       49.71,       49.71
    GBR,      ENW0,      0000,      0000,     0000,       1,  418.1,    1838,    1854,      1,     1,     6,      1,           0.01087,      0.01081,       71388,         772,        71002,      3525606,       49.39,       49.39
    GBR,      ENW0,      0000,      0000,     0000,       1,  418.1,    1838,    1854,      1,     1,     7,      1,           0.00920,      0.00916,       70616,         647,        70292,      3454604,       48.92,       48.92
    GBR,      ENW0,      0000,      0000,     0000,       1,  418.1,    1838,    1854,      1,     1,     8,      1,           0.00766,      0.00763,       69969,         534,        69702,      3384312,       48.37,       48.37
    GBR,      ENW0,      0000,      0000,     0000,       1,  418.1,    1838,    1854,      1,     1,     9,      1,           0.00649,      0.00647,       69435,         449,        69210,      3314610,       47.74,       47.74
    GBR,      ENW0,      0000,      0000,     0000,       1,  418.1,    1838,    1854,      1,     1,    10,      1,           0.00564,      0.00562,       68986,         388,        68792,      3245399,       47.04,       47.05
    GBR,      ENW0,      0000,      0000,     0000,       1,  418.1,    1838,    1854,      1,     1,    11,      1,           0.00507,      0.00506,       68598,         347,        68424,      3176607,       46.31,       46.31
    GBR,      ENW0,      0000,      0000,     0000,       1,  418.1,    1838,    1854,      1,     1,    12,      1,           0.00477,      0.00476,       68251,         325,        68088,      3108183,       45.54,       45.54
    GBR,      ENW0,      0000,      0000,     0000,       1,  418.1,    1838,    1854,      1,     1,    13,      1,           0.00472,      0.00471,       67926,         320,        67766,      3040094,       44.76,       44.76
    GBR,      ENW0,      0000,      0000,     0000,       1,  418.1,    1838,    1854,      1,     1,    14,      1,           0.00486,      0.00485,       67606,         328,        67442,      2972328,       43.97,       43.97
    GBR,      ENW0,      0000,      0000,     0000,       1,  418.1,    1838,    1854,      1,     1,    15,      1,           0.00519,      0.00517,       67278,         348,        67104,      2904886,       43.18,       43.18
    GBR,      ENW0,      0000,      0000,     0000,       1,  418.1,    1838,    1854,      1,     1,    16,      1,           0.00565,      0.00563,       66930,         377,        66742,      2837782,       42.40,       42.40
    GBR,      ENW0,      0000,      0000,     0000,       1,  418.1,    1838,    1854,      1,     1,    17,      1,           0.00622,      0.00621,       66553,         413,        66346,      2771041,       41.64,       41.64
    GBR,      ENW0,      0000,      0000,     0000,       1,  418.1,    1838,    1854,      1,     1,    18,      1,           0.00672,      0.00670,       66140,         443,        65918,      2704694,       40.89,       40.90
    GBR,      ENW0,      0000,      0000,     0000,       1,  418.1,    1838,    1854,      1,     1,    19,      1,           0.00775,      0.00772,       65697,         507,        65444,      2638776,       40.17,       40.17
    GBR,      ENW0,      0000,      0000,     0000,       1,  418.1,    1838,    1854,      1,     1,    20,      1,           0.00832,      0.00828,       65190,         540,        64920,      2573332,       39.47,       39.48
    GBR,      ENW0,      0000,      0000,     0000,       1,  418.1,    1838,    1854,      1,     1,    21,      1,           0.00850,      0.00846,       64650,         547,        64376,      2508412,       38.80,       38.80
    GBR,      ENW0,      0000,      0000,     0000,       1,  418.1,    1838,    1854,      1,     1,    22,      1,           0.00868,      0.00864,       64103,         554,        63826,      2444036,       38.13,       38.13
    GBR,      ENW0,      0000,      0000,     0000,       1,  418.1,    1838,    1854,      1,     1,    23,      1,           0.00982,      0.00977,       63549,         621,        63238,      2380210,       37.45,       37.46
    GBR,      ENW0,      0000,      0000,     0000,       1,  418.1,    1838,    1854,      1,     1,    24,      1,           0.00807,      0.00804,       62928,         506,        62675,      2316971,       36.82,       36.79
    GBR,      ENW0,      0000,      0000,     0000,       1,  418.1,    1838,    1854,      1,     1,    25,      1,           0.00921,      0.00916,       62422,         572,        62136,      2254296,       36.11,       36.12
    GBR,      ENW0,      0000,      0000,     0000,       1,  418.1,    1838,    1854,      1,     1,    26,      1,           0.00937,      0.00933,       61850,         577,        61562,      2192160,       35.44,       35.44
    GBR,      ENW0,      0000,      0000,     0000,       1,  418.1,    1838,    1854,      1,     1,    27,      1,           0.00954,      0.00950,       61273,         582,        60982,      2130599,       34.77,       34.77
    GBR,      ENW0,      0000,      0000,     0000,       1,  418.1,    1838,    1854,      1,     1,    28,      1,           0.00974,      0.00969,       60691,         588,        60397,      2069617,       34.10,       34.10
    GBR,      ENW0,      0000,      0000,     0000,       1,  418.1,    1838,    1854,      1,     1,    29,      1,           0.00993,      0.00988,       60103,         594,        59806,      2009220,       33.43,       33.43
    GBR,      ENW0,      0000,      0000,     0000,       1,  418.1,    1838,    1854,      1,     1,    30,      1,           0.01013,      0.01008,       59509,         600,        59209,      1949414,       32.76,       32.76
    GBR,      ENW0,      0000,      0000,     0000,       1,  418.1,    1838,    1854,      1,     1,    31,      1,           0.01032,      0.01027,       58909,         605,        58606,      1890205,       32.09,       32.09
    GBR,      ENW0,      0000,      0000,     0000,       1,  418.1,    1838,    1854,      1,     1,    32,      1,           0.01057,      0.01051,       58304,         613,        57998,      1831598,       31.41,       31.42
    GBR,      ENW0,      0000,      0000,     0000,       1,  418.1,    1838,    1854,      1,     1,    33,      1,           0.01079,      0.01073,       57691,         619,        57382,      1773601,       30.74,       30.74
    GBR,      ENW0,      0000,      0000,     0000,       1,  418.1,    1838,    1854,      1,     1,    34,      1,           0.01106,      0.01100,       57072,         628,        56758,      1716219,       30.07,       30.07
    GBR,      ENW0,      0000,      0000,     0000,       1,  418.1,    1838,    1854,      1,     1,    35,      1,           0.01133,      0.01127,       56444,         636,        56126,      1659461,       29.40,       29.40
    GBR,      ENW0,      0000,      0000,     0000,       1,  418.1,    1838,    1854,      1,     1,    36,      1,           0.01162,      0.01156,       55808,         645,        55486,      1603335,       28.73,       28.73
    GBR,      ENW0,      0000,      0000,     0000,       1,  418.1,    1838,    1854,      1,     1,    37,      1,           0.01194,      0.01187,       55163,         655,        54836,      1547850,       28.06,       28.06
    GBR,      ENW0,      0000,      0000,     0000,       1,  418.1,    1838,    1854,      1,     1,    38,      1,           0.01229,      0.01222,       54508,         666,        54175,      1493014,       27.39,       27.39
    GBR,      ENW0,      0000,      0000,     0000,       1,  418.1,    1838,    1854,      1,     1,    39,      1,           0.01263,      0.01256,       53842,         676,        53504,      1438839,       26.72,       26.72
    GBR,      ENW0,      0000,      0000,     0000,       1,  418.1,    1838,    1854,      1,     1,    40,      1,           0.01308,      0.01300,       53166,         691,        52820,      1385335,       26.06,       26.06
    GBR,      ENW0,      0000,      0000,     0000,       1,  418.1,    1838,    1854,      1,     1,    41,      1,           0.01347,      0.01338,       52475,         702,        52124,      1332515,       25.39,       25.39
    GBR,      ENW0,      0000,      0000,     0000,       1,  418.1,    1838,    1854,      1,     1,    42,      1,           0.01393,      0.01383,       51773,         716,        51415,      1280391,       24.73,       24.73
    GBR,      ENW0,      0000,      0000,     0000,       1,  418.1,    1838,    1854,      1,     1,    43,      1,           0.01444,      0.01434,       51057,         732,        50691,      1228976,       24.07,       24.07
    GBR,      ENW0,      0000,      0000,     0000,       1,  418.1,    1838,    1854,      1,     1,    44,      1,           0.01497,      0.01486,       50325,         748,        49951,      1178285,       23.41,       23.41
    GBR,      ENW0,      0000,      0000,     0000,       1,  418.1,    1838,    1854,      1,     1,    45,      1,           0.01553,      0.01541,       49577,         764,        49195,      1128334,       22.76,       22.76
    GBR,      ENW0,      0000,      0000,     0000,       1,  418.1,    1838,    1854,      1,     1,    46,      1,           0.01615,      0.01602,       48813,         782,        48422,      1079139,       22.11,       22.11
    GBR,      ENW0,      0000,      0000,     0000,       1,  418.1,    1838,    1854,      1,     1,    47,      1,           0.01680,      0.01666,       48031,         800,        47631,      1030717,       21.46,       21.46
    GBR,      ENW0,      0000,      0000,     0000,       1,  418.1,    1838,    1854,      1,     1,    48,      1,           0.01751,      0.01736,       47231,         820,        46821,       983086,       20.81,       20.82
    GBR,      ENW0,      0000,      0000,     0000,       1,  418.1,    1838,    1854,      1,     1,    49,      1,           0.01822,      0.01806,       46411,         838,        45992,       936265,       20.17,       20.17
    GBR,      ENW0,      0000,      0000,     0000,       1,  418.1,    1838,    1854,      1,     1,    50,      1,           0.01903,      0.01885,       45573,         859,        45144,       890273,       19.54,       19.54
    GBR,      ENW0,      0000,      0000,     0000,       1,  418.1,    1838,    1854,      1,     1,    51,      1,           0.02042,      0.02022,       44714,         904,        44262,       845129,       18.90,       18.90
    GBR,      ENW0,      0000,      0000,     0000,       1,  418.1,    1838,    1854,      1,     1,    52,      1,           0.02262,      0.02237,       43810,         980,        43320,       800867,       18.28,       18.28
    GBR,      ENW0,      0000,      0000,     0000,       1,  418.1,    1838,    1854,      1,     1,    53,      1,           0.02133,      0.02111,       42830,         904,        42378,       757547,       17.69,       17.67
    GBR,      ENW0,      0000,      0000,     0000,       1,  418.1,    1838,    1854,      1,     1,    54,      1,           0.02365,      0.02337,       41926,         980,        41436,       715169,       17.06,       17.06
    GBR,      ENW0,      0000,      0000,     0000,       1,  418.1,    1838,    1854,      1,     1,    55,      1,           0.02485,      0.02454,       40946,        1005,        40444,       673733,       16.45,       16.45
    GBR,      ENW0,      0000,      0000,     0000,       1,  418.1,    1838,    1854,      1,     1,    56,      1,           0.02618,      0.02584,       39941,        1032,        39425,       633290,       15.86,       15.86
    GBR,      ENW0,      0000,      0000,     0000,       1,  418.1,    1838,    1854,      1,     1,    57,      1,           0.02765,      0.02727,       38909,        1061,        38378,       593865,       15.26,       15.28
    GBR,      ENW0,      0000,      0000,     0000,       1,  418.1,    1838,    1854,      1,     1,    58,      1,           0.02979,      0.02935,       37848,        1111,        37292,       555486,       14.68,       14.68
    GBR,      ENW0,      0000,      0000,     0000,       1,  418.1,    1838,    1854,      1,     1,    59,      1,           0.03051,      0.03005,       36737,        1104,        36185,       518194,       14.11,       14.10
    GBR,      ENW0,      0000,      0000,     0000,       1,  418.1,    1838,    1854,      1,     1,    60,      1,           0.03306,      0.03253,       35633,        1159,        35054,       482009,       13.53,       13.53
    GBR,      ENW0,      0000,      0000,     0000,       1,  418.1,    1838,    1854,      1,     1,    61,      1,           0.03528,      0.03466,       34474,        1195,        33876,       446955,       12.96,       12.96
    GBR,      ENW0,      0000,      0000,     0000,       1,  418.1,    1838,    1854,      1,     1,    62,      1,           0.03778,      0.03708,       33279,        1234,        32662,       413079,       12.41,       12.41
    GBR,      ENW0,      0000,      0000,     0000,       1,  418.1,    1838,    1854,      1,     1,    63,      1,           0.04053,      0.03973,       32045,        1273,        31408,       380417,       11.87,       11.87
    GBR,      ENW0,      0000,      0000,     0000,       1,  418.1,    1838,    1854,      1,     1,    64,      1,           0.04370,      0.04277,       30772,        1316,        30114,       349008,       11.34,       11.34
    GBR,      ENW0,      0000,      0000,     0000,       1,  418.1,    1838,    1854,      1,     1,    65,      1,           0.04691,      0.04583,       29456,        1350,        28781,       318894,       10.83,       10.82
    GBR,      ENW0,      0000,      0000,     0000,       1,  418.1,    1838,    1854,      1,     1,    66,      1,           0.05071,      0.04946,       28106,        1390,        27411,       290113,       10.32,       10.32
    GBR,      ENW0,      0000,      0000,     0000,       1,  418.1,    1838,    1854,      1,     1,    67,      1,           0.05484,      0.05338,       26716,        1426,        26003,       262702,        9.83,        9.83
    GBR,      ENW0,      0000,      0000,     0000,       1,  418.1,    1838,    1854,      1,     1,    68,      1,           0.05932,      0.05761,       25290,        1457,        24562,       236699,        9.36,        9.36
    GBR,      ENW0,      0000,      0000,     0000,       1,  418.1,    1838,    1854,      1,     1,    69,      1,           0.06427,      0.06227,       23833,        1484,        23091,       212138,        8.90,        8.90
    GBR,      ENW0,      0000,      0000,     0000,       1,  418.1,    1838,    1854,      1,     1,    70,      1,           0.06964,      0.06730,       22349,        1504,        21597,       189047,        8.46,        8.45
    GBR,      ENW0,      0000,      0000,     0000,       1,  418.1,    1838,    1854,      1,     1,    71,      1,           0.07542,      0.07268,       20845,        1515,        20088,       167450,        8.03,        8.03
    GBR,      ENW0,      0000,      0000,     0000,       1,  418.1,    1838,    1854,      1,     1,    72,      1,           0.08180,      0.07858,       19330,        1519,        18570,       147362,        7.62,        7.62
    GBR,      ENW0,      0000,      0000,     0000,       1,  418.1,    1838,    1854,      1,     1,    73,      1,           0.08859,      0.08484,       17811,        1511,        17056,       128792,        7.23,        7.22
    GBR,      ENW0,      0000,      0000,     0000,       1,  418.1,    1838,    1854,      1,     1,    74,      1,           0.09592,      0.09153,       16300,        1492,        15554,       111736,        6.85,        6.85
    GBR,      ENW0,      0000,      0000,     0000,       1,  418.1,    1838,    1854,      1,     1,    75,      1,           0.10393,      0.09880,       14808,        1463,        14076,        96182,        6.50,        6.49
    GBR,      ENW0,      0000,      0000,     0000,       1,  418.1,    1838,    1854,      1,     1,    76,      1,           0.11239,      0.10641,       13345,        1420,        12635,        82106,        6.15,        6.15
    GBR,      ENW0,      0000,      0000,     0000,       1,  418.1,    1838,    1854,      1,     1,    77,      1,           0.12151,      0.11455,       11925,        1366,        11242,        69471,        5.83,        5.82
    GBR,      ENW0,      0000,      0000,     0000,       1,  418.1,    1838,    1854,      1,     1,    78,      1,           0.13141,      0.12331,       10559,        1302,         9908,        58229,        5.51,        5.51
    GBR,      ENW0,      0000,      0000,     0000,       1,  418.1,    1838,    1854,      1,     1,    79,      1,           0.14146,      0.13212,        9257,        1223,         8646,        48321,        5.22,        5.21
    GBR,      ENW0,      0000,      0000,     0000,       1,  418.1,    1838,    1854,      1,     1,    80,      1,           0.15259,      0.14177,        8034,        1139,         7464,        39675,        4.94,        4.93
    GBR,      ENW0,      0000,      0000,     0000,       1,  418.1,    1838,    1854,      1,     1,    81,      1,           0.16450,      0.15199,        6895,        1048,         6371,        32211,        4.67,        4.66
    GBR,      ENW0,      0000,      0000,     0000,       1,  418.1,    1838,    1854,      1,     1,    82,      1,           0.19112,      0.17445,        5847,        1020,         5337,        25840,        4.42,        4.41
    GBR,      ENW0,      0000,      0000,     0000,       1,  418.1,    1838,    1854,      1,     1,    83,      1,           0.17579,      0.16159,        4827,         780,         4437,        20503,        4.25,        4.17
    GBR,      ENW0,      0000,      0000,     0000,       1,  418.1,    1838,    1854,      1,     1,    84,      1,           0.20395,      0.18508,        4047,         749,         3672,        16066,        3.97,        3.95
    GBR,      ENW0,      0000,      0000,     0000,       1,  418.1,    1838,    1854,      1,     1,    85,      1,           0.21863,      0.19709,        3298,         650,         2973,        12393,        3.76,        3.73
    GBR,      ENW0,      0000,      0000,     0000,       1,  418.1,    1838,    1854,      1,     1,    86,      1,           0.23413,      0.20959,        2648,         555,         2370,         9420,        3.56,        3.53
    GBR,      ENW0,      0000,      0000,     0000,       1,  418.1,    1838,    1854,      1,     1,    87,      1,           0.25054,      0.22265,        2093,         466,         1860,         7050,        3.37,        3.34
    GBR,      ENW0,      0000,      0000,     0000,       1,  418.1,    1838,    1854,      1,     1,    88,      1,           0.26760,      0.23602,        1627,         384,         1435,         5190,        3.19,        3.16
    GBR,      ENW0,      0000,      0000,     0000,       1,  418.1,    1838,    1854,      1,     1,    89,      1,           0.28598,      0.25020,        1243,         311,         1088,         3755,        3.02,        3.00
    GBR,      ENW0,      0000,      0000,     0000,       1,  418.1,    1838,    1854,      1,     1,    90,      1,           0.30408,      0.26395,         932,         246,          809,         2667,        2.86,        2.84
    GBR,      ENW0,      0000,      0000,     0000,       1,  418.1,    1838,    1854,      1,     1,    91,      1,           0.32345,      0.27843,         686,         191,          590,         1858,        2.71,        2.69
    GBR,      ENW0,      0000,      0000,     0000,       1,  418.1,    1838,    1854,      1,     1,    92,      1,           0.34597,      0.29495,         495,         146,          422,         1268,        2.56,        2.55
    GBR,      ENW0,      0000,      0000,     0000,       1,  418.1,    1838,    1854,      1,     1,    93,      1,           0.36610,      0.30946,         349,         108,          295,          846,        2.42,        2.41
    GBR,      ENW0,      0000,      0000,     0000,       1,  418.1,    1838,    1854,      1,     1,    94,      1,           0.40399,      0.33610,         241,          81,          200,          551,        2.28,        2.29
    GBR,      ENW0,      0000,      0000,     0000,       1,  418.1,    1838,    1854,      1,     1,    95,      1,           0.39700,      0.33125,         160,          53,          134,          350,        2.19,        2.17
    GBR,      ENW0,      0000,      0000,     0000,       1,  418.1,    1838,    1854,      1,     1,    96,      1,           0.43182,      0.35514,         107,          38,           88,          217,        2.02,        2.08
    GBR,      ENW0,      0000,      0000,     0000,       1,  418.1,    1838,    1854,      1,     1,    97,      1,           0.46429,      0.37681,          69,          26,           56,          129,        1.86,        1.95
    GBR,      ENW0,      0000,      0000,     0000,       1,  418.1,    1838,    1854,      1,     1,    98,      1,           0.52941,      0.41860,          43,          18,           34,           73,        1.69,        1.85
    GBR,      ENW0,      0000,      0000,     0000,       1,  418.1,    1838,    1854,      1,     1,    99,      1,           0.50000,      0.40000,          25,          10,           20,           39,        1.54,        1.76
    GBR,      ENW0,      0000,      0000,     0000,       1,  418.1,    1838,    1854,      1,     1,   100,     99,           0.80590,      1.00000,          15,          15,           19,           19,        1.24,        1.68
    GBR,      ENW0,      0000,      0000,     0000,       1,  418.1,    1838,    1854,      1,     2,     0,      1,           0.14680,      0.13401,      100000,       13401,        91289,      4185183,       41.85,       41.85
    GBR,      ENW0,      0000,      0000,     0000,       1,  418.1,    1838,    1854,      1,     2,     1,      1,           0.06537,      0.06330,       86599,        5482,        83858,      4093894,       47.27,       47.31
    GBR,      ENW0,      0000,      0000,     0000,       1,  418.1,    1838,    1854,      1,     2,     2,      1,           0.03548,      0.03486,       81117,        2828,        79703,      4010036,       49.44,       49.40
    GBR,      ENW0,      0000,      0000,     0000,       1,  418.1,    1838,    1854,      1,     2,     3,      1,           0.02421,      0.02392,       78289,        1873,        77352,      3930333,       50.20,       50.20
    GBR,      ENW0,      0000,      0000,     0000,       1,  418.1,    1838,    1854,      1,     2,     4,      1,           0.01797,      0.01781,       76416,        1361,        75736,      3852981,       50.42,       50.43
    GBR,      ENW0,      0000,      0000,     0000,       1,  418.1,    1838,    1854,      1,     2,     5,      1,           0.01343,      0.01334,       75055,        1002,        74554,      3777245,       50.33,       50.33
    GBR,      ENW0,      0000,      0000,     0000,       1,  418.1,    1838,    1854,      1,     2,     6,      1,           0.01054,      0.01048,       74053,         776,        73665,      3702691,       50.00,       50.00
    GBR,      ENW0,      0000,      0000,     0000,       1,  418.1,    1838,    1854,      1,     2,     7,      1,           0.00912,      0.00908,       73277,         666,        72944,      3629026,       49.52,       49.53
    GBR,      ENW0,      0000,      0000,     0000,       1,  418.1,    1838,    1854,      1,     2,     8,      1,           0.00660,      0.00658,       72612,         478,        72373,      3556081,       48.97,       48.98
    GBR,      ENW0,      0000,      0000,     0000,       1,  418.1,    1838,    1854,      1,     2,     9,      1,           0.00773,      0.00770,       72134,         555,        71856,      3483709,       48.30,       48.35
    GBR,      ENW0,      0000,      0000,     0000,       1,  418.1,    1838,    1854,      1,     2,    10,      1,           0.00596,      0.00594,       71578,         425,        71366,      3411853,       47.67,       47.67
    GBR,      ENW0,      0000,      0000,     0000,       1,  418.1,    1838,    1854,      1,     2,    11,      1,           0.00530,      0.00529,       71153,         376,        70965,      3340487,       46.95,       46.95
    GBR,      ENW0,      0000,      0000,     0000,       1,  418.1,    1838,    1854,      1,     2,    12,      1,           0.00512,      0.00511,       70777,         362,        70596,      3269522,       46.19,       46.20
    GBR,      ENW0,      0000,      0000,     0000,       1,  418.1,    1838,    1854,      1,     2,    13,      1,           0.00507,      0.00506,       70416,         356,        70237,      3198926,       45.43,       45.44
    GBR,      ENW0,      0000,      0000,     0000,       1,  418.1,    1838,    1854,      1,     2,    14,      1,           0.00626,      0.00624,       70059,         437,        69840,      3128689,       44.66,       44.68
    GBR,      ENW0,      0000,      0000,     0000,       1,  418.1,    1838,    1854,      1,     2,    15,      1,           0.00456,      0.00455,       69622,         317,        69463,      3058848,       43.94,       43.90
    GBR,      ENW0,      0000,      0000,     0000,       1,  418.1,    1838,    1854,      1,     2,    16,      1,           0.00645,      0.00643,       69305,         446,        69082,      2989385,       43.13,       43.14
    GBR,      ENW0,      0000,      0000,     0000,       1,  418.1,    1838,    1854,      1,     2,    17,      1,           0.00614,      0.00612,       68859,         422,        68649,      2920303,       42.41,       42.40
    GBR,      ENW0,      0000,      0000,     0000,       1,  418.1,    1838,    1854,      1,     2,    18,      1,           0.00721,      0.00718,       68438,         492,        68192,      2851654,       41.67,       41.67
    GBR,      ENW0,      0000,      0000,     0000,       1,  418.1,    1838,    1854,      1,     2,    19,      1,           0.00790,      0.00787,       67946,         534,        67679,      2783462,       40.97,       40.97
    GBR,      ENW0,      0000,      0000,     0000,       1,  418.1,    1838,    1854,      1,     2,    20,      1,           0.00860,      0.00857,       67412,         577,        67123,      2715783,       40.29,       40.29
    GBR,      ENW0,      0000,      0000,     0000,       1,  418.1,    1838,    1854,      1,     2,    21,      1,           0.00882,      0.00878,       66834,         587,        66541,      2648660,       39.63,       39.63
    GBR,      ENW0,      0000,      0000,     0000,       1,  418.1,    1838,    1854,      1,     2,    22,      1,           0.00935,      0.00931,       66247,         617,        65939,      2582119,       38.98,       38.98
    GBR,      ENW0,      0000,      0000,     0000,       1,  418.1,    1838,    1854,      1,     2,    23,      1,           0.00895,      0.00891,       65631,         584,        65339,      2516180,       38.34,       38.33
    GBR,      ENW0,      0000,      0000,     0000,       1,  418.1,    1838,    1854,      1,     2,    24,      1,           0.00961,      0.00956,       65046,         622,        64735,      2450841,       37.68,       37.68
    GBR,      ENW0,      0000,      0000,     0000,       1,  418.1,    1838,    1854,      1,     2,    25,      1,           0.00950,      0.00946,       64424,         609,        64120,      2386106,       37.04,       37.04
    GBR,      ENW0,      0000,      0000,     0000,       1,  418.1,    1838,    1854,      1,     2,    26,      1,           0.01033,      0.01028,       63815,         656,        63487,      2321986,       36.39,       36.39
    GBR,      ENW0,      0000,      0000,     0000,       1,  418.1,    1838,    1854,      1,     2,    27,      1,           0.00957,      0.00953,       63159,         602,        62858,      2258499,       35.76,       35.75
    GBR,      ENW0,      0000,      0000,     0000,       1,  418.1,    1838,    1854,      1,     2,    28,      1,           0.01186,      0.01179,       62558,         737,        62189,      2195641,       35.10,       35.10
    GBR,      ENW0,      0000,      0000,     0000,       1,  418.1,    1838,    1854,      1,     2,    29,      1,           0.00882,      0.00878,       61820,         543,        61549,      2133452,       34.51,       34.46
    GBR,      ENW0,      0000,      0000,     0000,       1,  418.1,    1838,    1854,      1,     2,    30,      1,           0.01063,      0.01057,       61277,         648,        60954,      2071903,       33.81,       33.81
    GBR,      ENW0,      0000,      0000,     0000,       1,  418.1,    1838,    1854,      1,     2,    31,      1,           0.01082,      0.01077,       60630,         653,        60303,      2010950,       33.17,       33.17
    GBR,      ENW0,      0000,      0000,     0000,       1,  418.1,    1838,    1854,      1,     2,    32,      1,           0.01102,      0.01096,       59977,         657,        59648,      1950647,       32.52,       32.53
    GBR,      ENW0,      0000,      0000,     0000,       1,  418.1,    1838,    1854,      1,     2,    33,      1,           0.01123,      0.01116,       59320,         662,        58988,      1890998,       31.88,       31.88
    GBR,      ENW0,      0000,      0000,     0000,       1,  418.1,    1838,    1854,      1,     2,    34,      1,           0.01435,      0.01424,       58657,         836,        58240,      1832010,       31.23,       31.23
    GBR,      ENW0,      0000,      0000,     0000,       1,  418.1,    1838,    1854,      1,     2,    35,      1,           0.00875,      0.00871,       57822,         504,        57570,      1773770,       30.68,       30.59
    GBR,      ENW0,      0000,      0000,     0000,       1,  418.1,    1838,    1854,      1,     2,    36,      1,           0.01185,      0.01178,       57318,         675,        56981,      1716200,       29.94,       29.94
    GBR,      ENW0,      0000,      0000,     0000,       1,  418.1,    1838,    1854,      1,     2,    37,      1,           0.01210,      0.01203,       56643,         681,        56302,      1659220,       29.29,       29.29
    GBR,      ENW0,      0000,      0000,     0000,       1,  418.1,    1838,    1854,      1,     2,    38,      1,           0.01231,      0.01223,       55962,         685,        55620,      1602917,       28.64,       28.64
    GBR,      ENW0,      0000,      0000,     0000,       1,  418.1,    1838,    1854,      1,     2,    39,      1,           0.01316,      0.01308,       55277,         723,        54916,      1547298,       27.99,       27.99
    GBR,      ENW0,      0000,      0000,     0000,       1,  418.1,    1838,    1854,      1,     2,    40,      1,           0.01230,      0.01222,       54554,         667,        54221,      1492382,       27.36,       27.34
    GBR,      ENW0,      0000,      0000,     0000,       1,  418.1,    1838,    1854,      1,     2,    41,      1,           0.01314,      0.01305,       53888,         703,        53536,      1438161,       26.69,       26.69
    GBR,      ENW0,      0000,      0000,     0000,       1,  418.1,    1838,    1854,      1,     2,    42,      1,           0.01340,      0.01331,       53184,         708,        52830,      1384625,       26.03,       26.03
    GBR,      ENW0,      0000,      0000,     0000,       1,  418.1,    1838,    1854,      1,     2,    43,      1,           0.01371,      0.01362,       52476,         715,        52119,      1331795,       25.38,       25.38
    GBR,      ENW0,      0000,      0000,     0000,       1,  418.1,    1838,    1854,      1,     2,    44,      1,           0.01402,      0.01392,       51762,         720,        51402,      1279676,       24.72,       24.72
    GBR,      ENW0,      0000,      0000,     0000,       1,  418.1,    1838,    1854,      1,     2,    45,      1,           0.01439,      0.01428,       51041,         729,        50677,      1228274,       24.06,       24.06
    GBR,      ENW0,      0000,      0000,     0000,       1,  418.1,    1838,    1854,      1,     2,    46,      1,           0.01472,      0.01462,       50312,         735,        49944,      1177597,       23.41,       23.40
    GBR,      ENW0,      0000,      0000,     0000,       1,  418.1,    1838,    1854,      1,     2,    47,      1,           0.01510,      0.01498,       49577,         743,        49205,      1127653,       22.75,       22.74
    GBR,      ENW0,      0000,      0000,     0000,       1,  418.1,    1838,    1854,      1,     2,    48,      1,           0.01536,      0.01525,       48834,         745,        48462,      1078447,       22.08,       22.08
    GBR,      ENW0,      0000,      0000,     0000,       1,  418.1,    1838,    1854,      1,     2,    49,      1,           0.01603,      0.01590,       48089,         765,        47707,      1029986,       21.42,       21.42
    GBR,      ENW0,      0000,      0000,     0000,       1,  418.1,    1838,    1854,      1,     2,    50,      1,           0.01635,      0.01621,       47324,         767,        46941,       982279,       20.76,       20.75
    GBR,      ENW0,      0000,      0000,     0000,       1,  418.1,    1838,    1854,      1,     2,    51,      1,           0.01680,      0.01666,       46557,         776,        46169,       935338,       20.09,       20.09
    GBR,      ENW0,      0000,      0000,     0000,       1,  418.1,    1838,    1854,      1,     2,    52,      1,           0.01729,      0.01714,       45781,         785,        45389,       889169,       19.42,       19.42
    GBR,      ENW0,      0000,      0000,     0000,       1,  418.1,    1838,    1854,      1,     2,    53,      1,           0.01780,      0.01764,       44997,         794,        44600,       843780,       18.75,       18.75
    GBR,      ENW0,      0000,      0000,     0000,       1,  418.1,    1838,    1854,      1,     2,    54,      1,           0.01987,      0.01967,       44203,         870,        43768,       799180,       18.08,       18.08
    GBR,      ENW0,      0000,      0000,     0000,       1,  418.1,    1838,    1854,      1,     2,    55,      1,           0.02120,      0.02098,       43333,         909,        42878,       755412,       17.43,       17.43
    GBR,      ENW0,      0000,      0000,     0000,       1,  418.1,    1838,    1854,      1,     2,    56,      1,           0.02259,      0.02234,       42424,         948,        41950,       712534,       16.80,       16.79
    GBR,      ENW0,      0000,      0000,     0000,       1,  418.1,    1838,    1854,      1,     2,    57,      1,           0.02407,      0.02379,       41476,         987,        40983,       670584,       16.17,       16.17
    GBR,      ENW0,      0000,      0000,     0000,       1,  418.1,    1838,    1854,      1,     2,    58,      1,           0.02566,      0.02534,       40490,        1026,        39977,       629601,       15.55,       15.55
    GBR,      ENW0,      0000,      0000,     0000,       1,  418.1,    1838,    1854,      1,     2,    59,      1,           0.02739,      0.02702,       39464,        1066,        38930,       589624,       14.94,       14.94
    GBR,      ENW0,      0000,      0000,     0000,       1,  418.1,    1838,    1854,      1,     2,    60,      1,           0.02901,      0.02859,       38397,        1098,        37848,       550694,       14.34,       14.34
    GBR,      ENW0,      0000,      0000,     0000,       1,  418.1,    1838,    1854,      1,     2,    61,      1,           0.03161,      0.03112,       37300,        1161,        36719,       512845,       13.75,       13.75
    GBR,      ENW0,      0000,      0000,     0000,       1,  418.1,    1838,    1854,      1,     2,    62,      1,           0.03363,      0.03307,       36139,        1195,        35541,       476126,       13.17,       13.17
    GBR,      ENW0,      0000,      0000,     0000,       1,  418.1,    1838,    1854,      1,     2,    63,      1,           0.03614,      0.03550,       34944,        1240,        34323,       440585,       12.61,       12.60
    GBR,      ENW0,      0000,      0000,     0000,       1,  418.1,    1838,    1854,      1,     2,    64,      1,           0.03892,      0.03817,       33703,        1287,        33060,       406262,       12.05,       12.05
    GBR,      ENW0,      0000,      0000,     0000,       1,  418.1,    1838,    1854,      1,     2,    65,      1,           0.04199,      0.04113,       32416,        1333,        31750,       373202,       11.51,       11.51
    GBR,      ENW0,      0000,      0000,     0000,       1,  418.1,    1838,    1854,      1,     2,    66,      1,           0.04535,      0.04435,       31083,        1378,        30394,       341452,       10.99,       10.98
    GBR,      ENW0,      0000,      0000,     0000,       1,  418.1,    1838,    1854,      1,     2,    67,      1,           0.04908,      0.04790,       29705,        1423,        28993,       311058,       10.47,       10.47
    GBR,      ENW0,      0000,      0000,     0000,       1,  418.1,    1838,    1854,      1,     2,    68,      1,           0.05315,      0.05177,       28282,        1464,        27550,       282065,        9.97,        9.97
    GBR,      ENW0,      0000,      0000,     0000,       1,  418.1,    1838,    1854,      1,     2,    69,      1,           0.05761,      0.05599,       26818,        1502,        26067,       254515,        9.49,        9.48
    GBR,      ENW0,      0000,      0000,     0000,       1,  418.1,    1838,    1854,      1,     2,    70,      1,           0.06248,      0.06059,       25316,        1534,        24549,       228448,        9.02,        9.02
    GBR,      ENW0,      0000,      0000,     0000,       1,  418.1,    1838,    1854,      1,     2,    71,      1,           0.06778,      0.06556,       23782,        1559,        23003,       203899,        8.57,        8.57
    GBR,      ENW0,      0000,      0000,     0000,       1,  418.1,    1838,    1854,      1,     2,    72,      1,           0.07355,      0.07094,       22223,        1577,        21435,       180896,        8.14,        8.13
    GBR,      ENW0,      0000,      0000,     0000,       1,  418.1,    1838,    1854,      1,     2,    73,      1,           0.07980,      0.07674,       20646,        1584,        19854,       159462,        7.72,        7.71
    GBR,      ENW0,      0000,      0000,     0000,       1,  418.1,    1838,    1854,      1,     2,    74,      1,           0.08659,      0.08299,       19062,        1582,        18271,       139607,        7.32,        7.31
    GBR,      ENW0,      0000,      0000,     0000,       1,  418.1,    1838,    1854,      1,     2,    75,      1,           0.09388,      0.08967,       17480,        1568,        16696,       121336,        6.94,        6.93
    GBR,      ENW0,      0000,      0000,     0000,       1,  418.1,    1838,    1854,      1,     2,    76,      1,           0.10172,      0.09680,       15912,        1540,        15142,       104640,        6.58,        6.56
    GBR,      ENW0,      0000,      0000,     0000,       1,  418.1,    1838,    1854,      1,     2,    77,      1,           0.11020,      0.10444,       14372,        1501,        13622,        89498,        6.23,        6.21
    GBR,      ENW0,      0000,      0000,     0000,       1,  418.1,    1838,    1854,      1,     2,    78,      1,           0.11922,      0.11252,       12871,        1448,        12147,        75876,        5.90,        5.88
    GBR,      ENW0,      0000,      0000,     0000,       1,  418.1,    1838,    1854,      1,     2,    79,      1,           0.12892,      0.12112,       11423,        1384,        10731,        63729,        5.58,        5.56
    GBR,      ENW0,      0000,      0000,     0000,       1,  418.1,    1838,    1854,      1,     2,    80,      1,           0.13926,      0.13020,       10039,        1307,         9386,        52998,        5.28,        5.26
    GBR,      ENW0,      0000,      0000,     0000,       1,  418.1,    1838,    1854,      1,     2,    81,      1,           0.15026,      0.13976,        8732,        1220,         8122,        43612,        4.99,        4.98
    GBR,      ENW0,      0000,      0000,     0000,       1,  418.1,    1838,    1854,      1,     2,    82,      1,           0.16199,      0.14986,        7512,        1126,         6949,        35490,        4.72,        4.71
    GBR,      ENW0,      0000,      0000,     0000,       1,  418.1,    1838,    1854,      1,     2,    83,      1,           0.17445,      0.16046,        6386,        1025,         5874,        28541,        4.47,        4.45
    GBR,      ENW0,      0000,      0000,     0000,       1,  418.1,    1838,    1854,      1,     2,    84,      1,           0.18761,      0.17152,        5362,         920,         4902,        22667,        4.23,        4.21
    GBR,      ENW0,      0000,      0000,     0000,       1,  418.1,    1838,    1854,      1,     2,    85,      1,           0.20160,      0.18314,        4442,         814,         4035,        17765,        4.00,        3.98
    GBR,      ENW0,      0000,      0000,     0000,       1,  418.1,    1838,    1854,      1,     2,    86,      1,           0.21629,      0.19518,        3628,         708,         3274,        13730,        3.78,        3.76
    GBR,      ENW0,      0000,      0000,     0000,       1,  418.1,    1838,    1854,      1,     2,    87,      1,           0.23227,      0.20810,        2920,         608,         2616,        10456,        3.58,        3.56
    GBR,      ENW0,      0000,      0000,     0000,       1,  418.1,    1838,    1854,      1,     2,    88,      1,           0.24776,      0.22045,        2312,         510,         2058,         7840,        3.39,        3.36
    GBR,      ENW0,      0000,      0000,     0000,       1,  418.1,    1838,    1854,      1,     2,    89,      1,           0.26548,      0.23437,        1803,         422,         1591,         5782,        3.21,        3.18
    GBR,      ENW0,      0000,      0000,     0000,       1,  418.1,    1838,    1854,      1,     2,    90,      1,           0.28340,      0.24822,        1380,         343,         1209,         4191,        3.04,        3.01
    GBR,      ENW0,      0000,      0000,     0000,       1,  418.1,    1838,    1854,      1,     2,    91,      1,           0.30245,      0.26272,        1038,         273,          901,         2982,        2.87,        2.85
    GBR,      ENW0,      0000,      0000,     0000,       1,  418.1,    1838,    1854,      1,     2,    92,      1,           0.32205,      0.27739,         765,         212,          659,         2080,        2.72,        2.70
    GBR,      ENW0,      0000,      0000,     0000,       1,  418.1,    1838,    1854,      1,     2,    93,      1,           0.34337,      0.29305,         553,         162,          472,         1421,        2.57,        2.55
    GBR,      ENW0,      0000,      0000,     0000,       1,  418.1,    1838,    1854,      1,     2,    94,      1,           0.36419,      0.30809,         391,         120,          331,          950,        2.43,        2.42
    GBR,      ENW0,      0000,      0000,     0000,       1,  418.1,    1838,    1854,      1,     2,    95,      1,           0.38711,      0.32433,         270,          88,          227,          619,        2.29,        2.29
    GBR,      ENW0,      0000,      0000,     0000,       1,  418.1,    1838,    1854,      1,     2,    96,      1,           0.41109,      0.34100,         183,          62,          152,          393,        2.15,        2.17
    GBR,      ENW0,      0000,      0000,     0000,       1,  418.1,    1838,    1854,      1,     2,    97,      1,           0.43478,      0.35714,         120,          43,           99,          241,        2.00,        2.06
    GBR,      ENW0,      0000,      0000,     0000,       1,  418.1,    1838,    1854,      1,     2,    98,      1,           0.46301,      0.37597,          77,          29,           63,          142,        1.84,        1.96
    GBR,      ENW0,      0000,      0000,     0000,       1,  418.1,    1838,    1854,      1,     2,    99,      1,           0.48329,      0.38923,          48,          19,           39,           79,        1.64,        1.86
    GBR,      ENW0,      0000,      0000,     0000,       1,  418.1,    1838,    1854,      1,     2,   100,     99,           0.73160,      1.00000,          30,          30,           40,           40,        1.37,        1.76
    GBR,      ENW0,      0000,      0000,     0000,       1,  418.1,    1838,    1854,      2,     1,     0,      1,           0.18305,      0.16359,      100000,       16359,        89367,      3992242,       39.92,       39.91
    GBR,      ENW0,      0000,      0000,     0000,       1,  418.1,    1838,    1854,      2,     1,     1,      4,           0.03690,      0.13473,       83641,       11269,       305390,      3902876,       46.66,       46.65
    GBR,      ENW0,      0000,      0000,     0000,       1,  418.1,    1838,    1854,      2,     1,     5,      5,           0.00962,      0.04679,       72372,        3386,       352087,      3597486,       49.71,       49.71
    GBR,      ENW0,      0000,      0000,     0000,       1,  418.1,    1838,    1854,      2,     1,    10,      5,           0.00502,      0.02476,       68986,        1708,       340513,      3245399,       47.04,       47.05
    GBR,      ENW0,      0000,      0000,     0000,       1,  418.1,    1838,    1854,      2,     1,    15,      5,           0.00630,      0.03104,       67278,        2088,       331554,      2904886,       43.18,       43.18
    GBR,      ENW0,      0000,      0000,     0000,       1,  418.1,    1838,    1854,      2,     1,    20,      5,           0.00868,      0.04246,       65190,        2768,       319036,      2573332,       39.47,       39.48
    GBR,      ENW0,      0000,      0000,     0000,       1,  418.1,    1838,    1854,      2,     1,    25,      5,           0.00955,      0.04667,       62422,        2913,       304882,      2254296,       36.11,       36.12
    GBR,      ENW0,      0000,      0000,     0000,       1,  418.1,    1838,    1854,      2,     1,    30,      5,           0.01057,      0.05150,       59509,        3065,       289952,      1949414,       32.76,       32.76
    GBR,      ENW0,      0000,      0000,     0000,       1,  418.1,    1838,    1854,      2,     1,    35,      5,           0.01196,      0.05808,       56444,        3278,       274126,      1659461,       29.40,       29.40
    GBR,      ENW0,      0000,      0000,     0000,       1,  418.1,    1838,    1854,      2,     1,    40,      5,           0.01396,      0.06751,       53166,        3589,       257002,      1385335,       26.06,       26.06
    GBR,      ENW0,      0000,      0000,     0000,       1,  418.1,    1838,    1854,      2,     1,    45,      5,           0.01682,      0.08076,       49577,        4004,       238061,      1128334,       22.76,       22.76
    GBR,      ENW0,      0000,      0000,     0000,       1,  418.1,    1838,    1854,      2,     1,    50,      5,           0.02137,      0.10153,       45573,        4627,       216540,       890273,       19.54,       19.54
    GBR,      ENW0,      0000,      0000,     0000,       1,  418.1,    1838,    1854,      2,     1,    55,      5,           0.02771,      0.12976,       40946,        5313,       191724,       673733,       16.45,       16.45
    GBR,      ENW0,      0000,      0000,     0000,       1,  418.1,    1838,    1854,      2,     1,    60,      5,           0.03787,      0.17335,       35633,        6177,       163114,       482009,       13.53,       13.53
    GBR,      ENW0,      0000,      0000,     0000,       1,  418.1,    1838,    1854,      2,     1,    65,      5,           0.05473,      0.24128,       29456,        7107,       129848,       318894,       10.83,       10.82
    GBR,      ENW0,      0000,      0000,     0000,       1,  418.1,    1838,    1854,      2,     1,    70,      5,           0.08120,      0.33742,       22349,        7541,        92864,       189047,        8.46,        8.45
    GBR,      ENW0,      0000,      0000,     0000,       1,  418.1,    1838,    1854,      2,     1,    75,      5,           0.11988,      0.45746,       14808,        6774,        56507,        96182,        6.50,        6.49
    GBR,      ENW0,      0000,      0000,     0000,       1,  418.1,    1838,    1854,      2,     1,    80,      5,           0.17359,      0.58949,        8034,        4736,        27282,        39675,        4.94,        4.93
    GBR,      ENW0,      0000,      0000,     0000,       1,  418.1,    1838,    1854,      2,     1,    85,      5,           0.24327,      0.71740,        3298,        2366,         9726,        12393,        3.76,        3.73
    GBR,      ENW0,      0000,      0000,     0000,       1,  418.1,    1838,    1854,      2,     1,    90,      5,           0.33319,      0.82833,         932,         772,         2317,         2667,        2.86,        2.84
    GBR,      ENW0,      0000,      0000,     0000,       1,  418.1,    1838,    1854,      2,     1,    95,      5,           0.43741,      0.90625,         160,         145,          332,          350,        2.19,        2.17
    GBR,      ENW0,      0000,      0000,     0000,       1,  418.1,    1838,    1854,      2,     1,   100,     99,           0.80590,      1.00000,          15,          15,           19,           19,        1.24,        1.68
    GBR,      ENW0,      0000,      0000,     0000,       1,  418.1,    1838,    1854,      2,     2,     0,      1,           0.14680,      0.13401,      100000,       13401,        91289,      4185183,       41.85,       41.85
    GBR,      ENW0,      0000,      0000,     0000,       1,  418.1,    1838,    1854,      2,     2,     1,      4,           0.03646,      0.13330,       86599,       11544,       316649,      4093894,       47.27,       47.31
    GBR,      ENW0,      0000,      0000,     0000,       1,  418.1,    1838,    1854,      2,     2,     5,      5,           0.00951,      0.04632,       75055,        3477,       365392,      3777245,       50.33,       50.33
    GBR,      ENW0,      0000,      0000,     0000,       1,  418.1,    1838,    1854,      2,     2,    10,      5,           0.00554,      0.02734,       71578,        1957,       353005,      3411853,       47.67,       47.67
    GBR,      ENW0,      0000,      0000,     0000,       1,  418.1,    1838,    1854,      2,     2,    15,      5,           0.00644,      0.03174,       69622,        2210,       343065,      3058848,       43.94,       43.90
    GBR,      ENW0,      0000,      0000,     0000,       1,  418.1,    1838,    1854,      2,     2,    20,      5,           0.00906,      0.04432,       67412,        2988,       329677,      2715783,       40.29,       40.29
    GBR,      ENW0,      0000,      0000,     0000,       1,  418.1,    1838,    1854,      2,     2,    25,      5,           0.01002,      0.04884,       64424,        3147,       314202,      2386106,       37.04,       37.04
    GBR,      ENW0,      0000,      0000,     0000,       1,  418.1,    1838,    1854,      2,     2,    30,      5,           0.01159,      0.05639,       61277,        3456,       298133,      2071903,       33.81,       33.81
    GBR,      ENW0,      0000,      0000,     0000,       1,  418.1,    1838,    1854,      2,     2,    35,      5,           0.01161,      0.05651,       57822,        3267,       281389,      1773770,       30.68,       30.59
    GBR,      ENW0,      0000,      0000,     0000,       1,  418.1,    1838,    1854,      2,     2,    40,      5,           0.01330,      0.06440,       54554,        3513,       264108,      1492382,       27.36,       27.34
    GBR,      ENW0,      0000,      0000,     0000,       1,  418.1,    1838,    1854,      2,     2,    45,      5,           0.01511,      0.07282,       51041,        3717,       245995,      1228274,       24.06,       24.06
    GBR,      ENW0,      0000,      0000,     0000,       1,  418.1,    1838,    1854,      2,     2,    50,      5,           0.01759,      0.08434,       47324,        3991,       226867,       982279,       20.76,       20.75
    GBR,      ENW0,      0000,      0000,     0000,       1,  418.1,    1838,    1854,      2,     2,    55,      5,           0.02411,      0.11390,       43333,        4936,       204718,       755412,       17.43,       17.43
    GBR,      ENW0,      0000,      0000,     0000,       1,  418.1,    1838,    1854,      2,     2,    60,      5,           0.03370,      0.15576,       38397,        5981,       177492,       550694,       14.34,       14.34
    GBR,      ENW0,      0000,      0000,     0000,       1,  418.1,    1838,    1854,      2,     2,    65,      5,           0.04905,      0.21904,       32416,        7100,       144754,       373202,       11.51,       11.51
    GBR,      ENW0,      0000,      0000,     0000,       1,  418.1,    1838,    1854,      2,     2,    70,      5,           0.07316,      0.30953,       25316,        7836,       107112,       228448,        9.02,        9.02
    GBR,      ENW0,      0000,      0000,     0000,       1,  418.1,    1838,    1854,      2,     2,    75,      5,           0.10888,      0.42566,       17480,        7441,        68338,       121336,        6.94,        6.93
    GBR,      ENW0,      0000,      0000,     0000,       1,  418.1,    1838,    1854,      2,     2,    80,      5,           0.15887,      0.55755,       10039,        5598,        35233,        52998,        5.28,        5.26
    GBR,      ENW0,      0000,      0000,     0000,       1,  418.1,    1838,    1854,      2,     2,    85,      5,           0.22554,      0.68928,        4442,        3062,        13575,        17765,        4.00,        3.98
    GBR,      ENW0,      0000,      0000,     0000,       1,  418.1,    1838,    1854,      2,     2,    90,      5,           0.31074,      0.80409,        1380,        1110,         3572,         4191,        3.04,        3.01
    GBR,      ENW0,      0000,      0000,     0000,       1,  418.1,    1838,    1854,      2,     2,    95,      5,           0.41624,      0.89090,         270,         241,          579,          619,        2.29,        2.29
    GBR,      ENW0,      0000,      0000,     0000,       1,  418.1,    1838,    1854,      2,     2,   100,     99,           0.73160,      1.00000,          30,          30,           40,           40,        1.37,        1.76
